{
  "summary": {
    "total_tests": 1782,
    "successful_tests": 1782,
    "failed_tests": 0,
    "success_rate": 100.0,
    "iterations_completed": 255,
    "tests_per_iteration": 7
  },
  "overall": {
    "latency_ms": {
      "min": 27.2,
      "max": 4769.6,
      "mean": 2227.095342312009,
      "median": 3220.0,
      "p50": 3220.0,
      "p90": 3637.6,
      "p95": 3704.4,
      "p99": 4249.4,
      "stdev": 1491.5099859947036
    },
    "throughput_tokens_per_sec": {
      "min": 2.8,
      "max": 5218.6,
      "mean": 670.0320426487093,
      "median": 83.55,
      "p50": 83.55,
      "p90": 4267.1,
      "p95": 4474.1,
      "p99": 4768.1,
      "stdev": 1485.008024146706
    }
  },
  "by_category": {
    "simple": {
      "count": 509,
      "latency_ms": {
        "min": 151.0,
        "max": 2918.0,
        "mean": 889.4432220039292,
        "median": 1053.5,
        "p50": 1053.5,
        "p90": 1800.0,
        "p95": 1900.8,
        "p99": 2194.5,
        "stdev": 727.5695466245306
      },
      "throughput_tokens_per_sec": {
        "min": 2.8,
        "max": 107.4,
        "mean": 54.52102161100196,
        "median": 55.2,
        "p50": 55.2,
        "p90": 98.8,
        "p95": 101.2,
        "p99": 103.5,
        "stdev": 37.78269885559426
      }
    },
    "reasoning": {
      "count": 510,
      "latency_ms": {
        "min": 27.2,
        "max": 4769.6,
        "mean": 1705.396274509804,
        "median": 1614.0,
        "p50": 1614.0,
        "p90": 3607.0,
        "p95": 3661.4,
        "p99": 3883.0,
        "stdev": 1676.8039792764482
      },
      "throughput_tokens_per_sec": {
        "min": 44.4,
        "max": 5218.6,
        "mean": 2158.567843137255,
        "median": 126.05,
        "p50": 126.05,
        "p90": 4604.1,
        "p95": 4695.8,
        "p99": 5002.8,
        "stdev": 2145.6610236186616
      }
    },
    "code": {
      "count": 255,
      "latency_ms": {
        "min": 3202.7,
        "max": 4450.5,
        "mean": 3468.710196078431,
        "median": 3408.3,
        "p50": 3408.3,
        "p90": 3718.8,
        "p95": 3783.1,
        "p99": 4251.6,
        "stdev": 211.6896046444613
      },
      "throughput_tokens_per_sec": {
        "min": 61.8,
        "max": 91.0,
        "mean": 80.12588235294118,
        "median": 81.1,
        "p50": 81.1,
        "p90": 86.1,
        "p95": 87.3,
        "p99": 90.3,
        "stdev": 5.092301266699476
      }
    },
    "summarization": {
      "count": 254,
      "latency_ms": {
        "min": 3200.9,
        "max": 4665.6,
        "mean": 3476.9295275590553,
        "median": 3404.2,
        "p50": 3404.2,
        "p90": 3748.9,
        "p95": 3816.1,
        "p99": 4468.8,
        "stdev": 245.4010743792604
      },
      "throughput_tokens_per_sec": {
        "min": 69.9,
        "max": 106.9,
        "mean": 94.97716535433071,
        "median": 96.0,
        "p50": 96.0,
        "p90": 102.4,
        "p95": 104.8,
        "p99": 106.0,
        "stdev": 6.4613070176019285
      }
    },
    "conversation": {
      "count": 254,
      "latency_ms": {
        "min": 3208.1,
        "max": 4403.6,
        "mean": 3458.834645669291,
        "median": 3401.3,
        "p50": 3401.3,
        "p90": 3678.2,
        "p95": 3778.6,
        "p99": 4332.7,
        "stdev": 204.03547756992214
      },
      "throughput_tokens_per_sec": {
        "min": 62.2,
        "max": 93.4,
        "mean": 81.96850393700788,
        "median": 82.25,
        "p50": 82.25,
        "p90": 88.1,
        "p95": 90.0,
        "p99": 92.0,
        "stdev": 5.2864163431334905
      }
    }
  },
  "by_test": {
    "simple_medium": {
      "count": 255,
      "category": "simple",
      "latency_ms": {
        "min": 1026.6,
        "max": 2918.0,
        "mean": 1586.1721568627452,
        "median": 1546.0,
        "p50": 1546.0,
        "p90": 1900.8,
        "p95": 2044.7,
        "p99": 2517.1,
        "stdev": 260.5843834818598
      },
      "throughput_tokens_per_sec": {
        "min": 55.2,
        "max": 107.4,
        "mean": 91.61176470588235,
        "median": 93.5,
        "p50": 93.5,
        "p90": 101.2,
        "p95": 102.7,
        "p99": 104.7,
        "stdev": 8.992867844597905
      }
    },
    "reasoning_short": {
      "count": 255,
      "category": "reasoning",
      "latency_ms": {
        "min": 2430.8,
        "max": 4769.6,
        "mean": 3367.0282352941176,
        "median": 3383.6,
        "p50": 3383.6,
        "p90": 3661.4,
        "p95": 3754.1,
        "p99": 4361.4,
        "stdev": 288.87666153149553
      },
      "throughput_tokens_per_sec": {
        "min": 44.4,
        "max": 74.0,
        "mean": 63.87764705882353,
        "median": 64.5,
        "p50": 64.5,
        "p90": 69.5,
        "p95": 71.1,
        "p99": 73.3,
        "stdev": 4.590748394306095
      }
    },
    "reasoning_medium": {
      "count": 255,
      "category": "reasoning",
      "latency_ms": {
        "min": 27.2,
        "max": 797.2,
        "mean": 43.7643137254902,
        "median": 32.4,
        "p50": 32.4,
        "p90": 39.9,
        "p95": 42.2,
        "p99": 668.9,
        "stdev": 84.74166730817198
      },
      "throughput_tokens_per_sec": {
        "min": 178.1,
        "max": 5218.6,
        "mean": 4253.258039215686,
        "median": 4383.1,
        "p50": 4383.1,
        "p90": 4695.8,
        "p95": 4812.8,
        "p99": 5128.5,
        "stdev": 644.8439755164964
      }
    },
    "code_generation": {
      "count": 255,
      "category": "code",
      "latency_ms": {
        "min": 3202.7,
        "max": 4450.5,
        "mean": 3468.710196078431,
        "median": 3408.3,
        "p50": 3408.3,
        "p90": 3718.8,
        "p95": 3783.1,
        "p99": 4251.6,
        "stdev": 211.6896046444613
      },
      "throughput_tokens_per_sec": {
        "min": 61.8,
        "max": 91.0,
        "mean": 80.12588235294118,
        "median": 81.1,
        "p50": 81.1,
        "p90": 86.1,
        "p95": 87.3,
        "p99": 90.3,
        "stdev": 5.092301266699476
      }
    },
    "summarization": {
      "count": 254,
      "category": "summarization",
      "latency_ms": {
        "min": 3200.9,
        "max": 4665.6,
        "mean": 3476.9295275590553,
        "median": 3404.2,
        "p50": 3404.2,
        "p90": 3748.9,
        "p95": 3816.1,
        "p99": 4468.8,
        "stdev": 245.4010743792604
      },
      "throughput_tokens_per_sec": {
        "min": 69.9,
        "max": 106.9,
        "mean": 94.97716535433071,
        "median": 96.0,
        "p50": 96.0,
        "p90": 102.4,
        "p95": 104.8,
        "p99": 106.0,
        "stdev": 6.4613070176019285
      }
    },
    "conversation": {
      "count": 254,
      "category": "conversation",
      "latency_ms": {
        "min": 3208.1,
        "max": 4403.6,
        "mean": 3458.834645669291,
        "median": 3401.3,
        "p50": 3401.3,
        "p90": 3678.2,
        "p95": 3778.6,
        "p99": 4332.7,
        "stdev": 204.03547756992214
      },
      "throughput_tokens_per_sec": {
        "min": 62.2,
        "max": 93.4,
        "mean": 81.96850393700788,
        "median": 82.25,
        "p50": 82.25,
        "p90": 88.1,
        "p95": 90.0,
        "p99": 92.0,
        "stdev": 5.2864163431334905
      }
    },
    "simple_short": {
      "count": 254,
      "category": "simple",
      "latency_ms": {
        "min": 151.0,
        "max": 1054.1,
        "mean": 189.9712598425197,
        "median": 169.6,
        "p50": 169.6,
        "p90": 186.3,
        "p95": 190.4,
        "p99": 953.8,
        "stdev": 119.42966011922283
      },
      "throughput_tokens_per_sec": {
        "min": 2.8,
        "max": 19.9,
        "mean": 17.284251968503938,
        "median": 17.7,
        "p50": 17.7,
        "p90": 19.0,
        "p95": 19.4,
        "p99": 19.7,
        "stdev": 2.5499259912332475
      }
    }
  },
  "failures": {}
}